Date,Name,Year,Letterboxd URI
2015-06-07,Mad Max: Fury Road,2015,https://boxd.it/2DjO
2015-06-15,Ex Machina,2015,https://boxd.it/7T2k
2015-06-15,Avengers: Age of Ultron,2015,https://boxd.it/3qi6
2015-06-15,Jurassic World,2015,https://boxd.it/4n0g
2015-06-15,Tomorrowland,2015,https://boxd.it/4YaC
2015-06-15,Furious 7,2015,https://boxd.it/5cVs
2015-06-15,Chappie,2015,https://boxd.it/5Y3e
2015-06-15,Kingsman: The Secret Service,2014,https://boxd.it/6dxe
2015-06-15,Captain America: The Winter Soldier,2014,https://boxd.it/3r58
2015-06-15,Guardians of the Galaxy,2014,https://boxd.it/3VH2
2015-06-15,The Avengers,2012,https://boxd.it/1xFW
2015-06-15,Iron Man,2008,https://boxd.it/28dA
2015-06-15,Captain America: The First Avenger,2011,https://boxd.it/28b0
2015-06-15,Iron Man 3,2013,https://boxd.it/2cBQ
2015-06-15,The Incredible Hulk,2008,https://boxd.it/28dU
2015-06-15,Thor,2011,https://boxd.it/1WQU
2015-06-15,Thor: The Dark World,2013,https://boxd.it/2DqA
2015-06-15,Iron Man 2,2010,https://boxd.it/1WZM
2015-06-15,Spider-Man 2,2004,https://boxd.it/2a88
2015-06-15,The Dark Knight,2008,https://boxd.it/2b0k
2015-06-15,Batman Begins,2005,https://boxd.it/2aIg
2015-06-15,Spider-Man,2002,https://boxd.it/2a8i
2015-06-15,X-Men: First Class,2011,https://boxd.it/FOA
2015-06-15,Whiplash,2014,https://boxd.it/7bQA
2015-06-15,Birdman or (The Unexpected Virtue of Ignorance),2014,https://boxd.it/5RFA
2015-06-15,Boyhood,2014,https://boxd.it/3178
2015-06-15,Dawn of the Planet of the Apes,2014,https://boxd.it/3XyQ
2015-06-15,The Lego Movie,2014,https://boxd.it/4pDO
2015-06-15,The Grand Budapest Hotel,2014,https://boxd.it/3ZqO
2015-06-15,The Imitation Game,2014,https://boxd.it/6aig
2015-06-15,Nightcrawler,2014,https://boxd.it/780m
2015-06-15,Edge of Tomorrow,2014,https://boxd.it/4pD0
2015-06-15,Big Hero 6,2014,https://boxd.it/5rje
2015-06-15,Gone Girl,2014,https://boxd.it/6hQu
2015-06-15,The Hobbit: The Battle of the Five Armies,2014,https://boxd.it/43aU
2015-06-15,Fury,2014,https://boxd.it/6JwC
2015-06-15,Interstellar,2014,https://boxd.it/4VZ8
2015-06-15,American Sniper,2014,https://boxd.it/5LDy
2015-06-15,X-Men: Days of Future Past,2014,https://boxd.it/4aRw
2015-06-15,John Wick,2014,https://boxd.it/7dEc
2015-06-15,A Most Violent Year,2014,https://boxd.it/75Va
2015-07-06,Terminator Genisys,2015,https://boxd.it/35s0
2015-07-06,Inside Out,2015,https://boxd.it/4KHC
2015-07-09,Ted 2,2015,https://boxd.it/6oCY
2015-07-09,The Lord of the Rings: The Return of the King,2003,https://boxd.it/2b5u
2015-07-09,The Empire Strikes Back,1980,https://boxd.it/27Vw
2015-07-09,Toy Story,1995,https://boxd.it/29qA
2015-07-09,Star Wars,1977,https://boxd.it/72s
2015-07-09,Return of the Jedi,1983,https://boxd.it/27Vm
2015-07-09,Inception,2010,https://boxd.it/1skk
2015-07-09,Back to the Future,1985,https://boxd.it/2b8e
2015-07-09,Terminator 2: Judgment Day,1991,https://boxd.it/2aGY
2015-07-09,The Terminator,1984,https://boxd.it/2aQY
2015-07-09,Superman,1978,https://boxd.it/27Qm
2015-07-09,Batman,1989,https://boxd.it/2aIU
2015-07-09,Watchmen,2009,https://boxd.it/1QE4
2015-07-09,Batman Returns,1992,https://boxd.it/2awa
2015-07-09,The Dark Knight Rises,2012,https://boxd.it/H3m
2015-07-09,Superman Returns,2006,https://boxd.it/28J2
2015-07-09,Superman II,1980,https://boxd.it/204q
2015-07-09,Man of Steel,2013,https://boxd.it/FRk
2015-07-18,Ant-Man,2015,https://boxd.it/3vmW
2015-08-02,Mission: Impossible – Rogue Nation,2015,https://boxd.it/5rI4
2015-08-02,Mission: Impossible – Ghost Protocol,2011,https://boxd.it/psI
2015-08-02,Mission: Impossible III,2006,https://boxd.it/29cI
2015-08-02,Mission: Impossible,1996,https://boxd.it/29d2
2015-08-02,Mission: Impossible II,2000,https://boxd.it/29cS
2015-08-02,Still Alice,2014,https://boxd.it/8Nhq
2015-08-02,The To Do List,2013,https://boxd.it/4dAo
2015-08-02,Paper Towns,2015,https://boxd.it/8T5g
2015-08-02,Spy,2015,https://boxd.it/71Ks
2015-08-02,The Kids Are All Right,2010,https://boxd.it/13f0
2015-08-02,Inglourious Basterds,2009,https://boxd.it/1JzG
2015-08-02,Argo,2012,https://boxd.it/2czU
2015-08-02,The Hunger Games,2012,https://boxd.it/2uds
2015-08-02,The Hunger Games: Catching Fire,2013,https://boxd.it/3sAw
2015-08-02,The Hunger Games: Mockingjay – Part 1,2014,https://boxd.it/4hka
2015-08-02,District 9,2009,https://boxd.it/1Iik
2015-08-02,Red Dragon,2002,https://boxd.it/1Yrs
2015-08-02,Hannibal Rising,2007,https://boxd.it/2916
2015-08-02,Raiders of the Lost Ark,1981,https://boxd.it/2bbs
2015-08-02,Manhunter,1986,https://boxd.it/1TOw
2015-08-02,Back to the Future Part II,1989,https://boxd.it/2aYI
2015-08-02,Back to the Future Part III,1990,https://boxd.it/2aTS
2015-08-02,The Silence of the Lambs,1991,https://boxd.it/2aHW
2015-08-02,Fight Club,1999,https://boxd.it/2a9q
2015-08-02,Hannibal,2001,https://boxd.it/1XVc
2015-08-02,Poltergeist,2015,https://boxd.it/79UK
2015-08-02,Teenage Mutant Ninja Turtles,2014,https://boxd.it/3oAs
2015-08-02,Finding Nemo,2003,https://boxd.it/72i
2015-08-02,The Incredibles,2004,https://boxd.it/1XLm
2015-08-02,The Amazing Spider-Man,2012,https://boxd.it/27PI
2015-08-02,Toy Story 2,1999,https://boxd.it/29qq
2015-08-02,The Amazing Spider-Man 2,2014,https://boxd.it/3utM
2015-08-02,Inside Llewyn Davis,2013,https://boxd.it/34Ro
2015-08-02,Pulp Fiction,1994,https://boxd.it/29Pq
2015-08-02,Saving Private Ryan,1998,https://boxd.it/29ro
2015-08-02,Star Wars: Episode III – Revenge of the Sith,2005,https://boxd.it/27US
2015-08-02,Harry Potter and the Goblet of Fire,2005,https://boxd.it/29Qo
2015-08-02,Harry Potter and the Order of the Phoenix,2007,https://boxd.it/29Qe
2015-08-02,Harry Potter and the Half-Blood Prince,2009,https://boxd.it/29FU
2015-08-02,The Wolf of Wall Street,2013,https://boxd.it/3C1m
2015-08-02,Harry Potter and the Deathly Hallows: Part 2,2011,https://boxd.it/1RYk
2015-08-02,Harry Potter and the Prisoner of Azkaban,2004,https://boxd.it/29Qy
2015-08-02,Harry Potter and the Deathly Hallows: Part 1,2010,https://boxd.it/1RYu
2015-08-02,Harry Potter and the Philosopher's Stone,2001,https://boxd.it/29QS
2015-08-02,Harry Potter and the Chamber of Secrets,2002,https://boxd.it/29QI
2015-08-02,Looper,2012,https://boxd.it/ham
2015-08-02,Warrior,2011,https://boxd.it/i3G
2015-08-02,Star Trek Into Darkness,2013,https://boxd.it/uYE
2015-08-02,Gravity,2013,https://boxd.it/GZY
2015-08-02,Captain Phillips,2013,https://boxd.it/3GPK
2015-08-02,The Perks of Being a Wallflower,2012,https://boxd.it/2ZA8
2015-08-02,The Place Beyond the Pines,2012,https://boxd.it/3mDu
2015-08-02,Lucy,2014,https://boxd.it/75hu
2015-08-02,The Wedding Ringer,2015,https://boxd.it/7pEe
2015-08-02,The Equalizer,2014,https://boxd.it/4TUK
2015-08-02,Into the Woods,2014,https://boxd.it/6DtW
2015-08-02,Godzilla,2014,https://boxd.it/47OE
2015-08-02,The Hobbit: An Unexpected Journey,2012,https://boxd.it/GZk
2015-08-02,The Hobbit: The Desolation of Smaug,2013,https://boxd.it/nmS
2015-08-02,Fargo,1996,https://boxd.it/2aHM
2015-08-02,"Monsters, Inc.",2001,https://boxd.it/2a46
2015-08-02,Toy Story 3,2010,https://boxd.it/1WRe
2015-08-02,Rush,2013,https://boxd.it/3lyS
2015-08-02,Kill Bill: Vol. 1,2003,https://boxd.it/70w
2015-08-02,Kill Bill: Vol. 2,2004,https://boxd.it/2au4
2015-08-02,Django Unchained,2012,https://boxd.it/2cCk
2015-08-02,What If,2013,https://boxd.it/6ljk
2015-08-02,Indiana Jones and the Kingdom of the Crystal Skull,2008,https://boxd.it/2aR8
2015-08-02,Indiana Jones and the Last Crusade,1989,https://boxd.it/2baO
2015-08-02,Indiana Jones and the Temple of Doom,1984,https://boxd.it/2bb8
2015-08-02,22 Jump Street,2014,https://boxd.it/5Fvy
2015-08-02,Transformers: Age of Extinction,2014,https://boxd.it/3d1m
2015-08-02,Green Lantern,2011,https://boxd.it/QN4
2015-08-02,The Town,2010,https://boxd.it/1zyS
2015-08-02,Neighbors,2014,https://boxd.it/5Txe
2015-08-02,Rise of the Planet of the Apes,2011,https://boxd.it/cS4
2015-08-02,Super 8,2011,https://boxd.it/dVI
2015-08-02,Batman Forever,1995,https://boxd.it/2ara
2015-08-02,Batman & Robin,1997,https://boxd.it/2ar0
2015-08-02,The Lord of the Rings: The Fellowship of the Ring,2001,https://boxd.it/2b5O
2015-08-02,Star Wars: Episode I – The Phantom Menace,1999,https://boxd.it/27Vc
2015-08-02,Star Wars: Episode II – Attack of the Clones,2002,https://boxd.it/27V2
2015-08-02,The Lord of the Rings: The Two Towers,2002,https://boxd.it/2b5E
2015-08-02,Hulk,2003,https://boxd.it/27PS
2015-08-02,Daredevil,2003,https://boxd.it/1YzG
2015-08-02,The Departed,2006,https://boxd.it/28MA
2015-08-02,Spider-Man 3,2007,https://boxd.it/2a7Y
2015-08-02,Lone Survivor,2013,https://boxd.it/5Qj4
2015-08-02,Moneyball,2011,https://boxd.it/glS
2015-08-02,21 Jump Street,2012,https://boxd.it/J0
2015-08-02,The Way Way Back,2013,https://boxd.it/4Gwq
2015-08-02,Divergent,2014,https://boxd.it/4VT0
2015-08-02,That Awkward Moment,2014,https://boxd.it/6Ftu
2015-08-02,Good Will Hunting,1997,https://boxd.it/2ahY
2015-08-02,Fantastic Four,2005,https://boxd.it/1XVw
2015-08-02,X-Men,2000,https://boxd.it/1a7s
2015-08-02,The Bourne Identity,2002,https://boxd.it/26EO
2015-08-02,The Bourne Ultimatum,2007,https://boxd.it/26Eu
2015-08-02,The Bourne Legacy,2012,https://boxd.it/H16
2015-08-02,The Bourne Supremacy,2004,https://boxd.it/26EE
2015-08-02,X2,2003,https://boxd.it/1a7i
2015-08-02,Shaun of the Dead,2004,https://boxd.it/29J8
2015-08-02,X-Men: The Last Stand,2006,https://boxd.it/1a5Q
2015-08-02,Hot Fuzz,2007,https://boxd.it/2416
2015-08-02,X-Men Origins: Wolverine,2009,https://boxd.it/27ug
2015-08-02,Fantastic Four: Rise of the Silver Surfer,2007,https://boxd.it/27Ii
2015-08-02,Star Trek,2009,https://boxd.it/1Q6c
2015-08-02,World War Z,2013,https://boxd.it/2p2E
2015-08-02,The Fighter,2010,https://boxd.it/PP4
2015-08-02,Sherlock Holmes,2009,https://boxd.it/1W2A
2015-08-02,The World's End,2013,https://boxd.it/3EiO
2015-08-02,This Is the End,2013,https://boxd.it/3GB4
2015-08-02,Prisoners,2013,https://boxd.it/4E5i
2015-08-02,The Wolverine,2013,https://boxd.it/2CWU
2015-08-02,Prometheus,2012,https://boxd.it/2s9e
2015-08-02,Monsters University,2013,https://boxd.it/bQm
2015-08-02,Oblivion,2013,https://boxd.it/2Bzq
2015-08-02,Sherlock Holmes: A Game of Shadows,2011,https://boxd.it/k3S
2015-08-02,Elysium,2013,https://boxd.it/2cBm
2015-08-02,Contagion,2011,https://boxd.it/13rq
2015-08-02,Only God Forgives,2013,https://boxd.it/2HBs
2015-08-02,Kick-Ass 2,2013,https://boxd.it/hqu
2015-08-02,Pacific Rim,2013,https://boxd.it/2cB2
2015-08-02,Now You See Me,2013,https://boxd.it/2Bsu
2015-08-02,Despicable Me 2,2013,https://boxd.it/3gg0
2015-08-02,We're the Millers,2013,https://boxd.it/4srQ
2015-08-02,American Hustle,2013,https://boxd.it/5dz8
2015-08-02,Fast & Furious 6,2013,https://boxd.it/2UG6
2015-08-02,The Hangover Part III,2013,https://boxd.it/3GNY
2015-08-02,Spring Breakers,2012,https://boxd.it/421s
2015-08-02,Insidious: Chapter 2,2013,https://boxd.it/3dqc
2015-08-02,The Heat,2013,https://boxd.it/4p9a
2015-08-02,12 Years a Slave,2013,https://boxd.it/2D2e
2015-08-02,Jackass Presents: Bad Grandpa,2013,https://boxd.it/6e3u
2015-08-09,Fantastic Four,2015,https://boxd.it/5a9c
2015-08-17,Straight Outta Compton,2015,https://boxd.it/8rMc
2015-08-17,Trainwreck,2015,https://boxd.it/8bdA
2015-09-07,Before We Go,2014,https://boxd.it/8KRg
2015-09-07,About Time,2013,https://boxd.it/43bI
2015-09-07,Batman: Mask of the Phantasm,1993,https://boxd.it/1N6S
2015-09-07,Batman Beyond: Return of the Joker,2000,https://boxd.it/1KwS
2015-09-07,Batman: Under the Red Hood,2010,https://boxd.it/11eE
2015-09-07,Justice League: The Flashpoint Paradox,2013,https://boxd.it/5yWW
2015-09-07,Batman: Assault on Arkham,2014,https://boxd.it/787M
2015-09-07,Batman & Mr. Freeze: SubZero,1998,https://boxd.it/1Luo
2015-09-07,Justice League: Doom,2012,https://boxd.it/2DVe
2015-09-07,Batman: Year One,2011,https://boxd.it/2vf0
2015-09-07,Justice League: The New Frontier,2008,https://boxd.it/1OVM
2015-10-11,The Martian,2015,https://boxd.it/8SeG
2015-10-11,Me and Earl and the Dying Girl,2015,https://boxd.it/9SAE
2015-12-01,Moon,2009,https://boxd.it/1IGQ
2015-12-01,The Man from U.N.C.L.E.,2015,https://boxd.it/67lG
2015-12-01,The Hunger Games: Mockingjay – Part 2,2015,https://boxd.it/4hk0
2015-12-23,Dope,2015,https://boxd.it/9Tho
2015-12-23,Star Wars: The Force Awakens,2015,https://boxd.it/4vru
2015-12-23,The Hateful Eight,2015,https://boxd.it/8gw8
2015-12-24,Steve Jobs,2015,https://boxd.it/araG
2015-12-24,Minions,2015,https://boxd.it/6jCO
2015-12-24,Vacation,2015,https://boxd.it/9n9M
2015-12-24,The Revenant,2015,https://boxd.it/8H5e
2016-01-01,Sicario,2015,https://boxd.it/8i7u
2016-01-01,"Batman: The Dark Knight Returns, Part 1",2012,https://boxd.it/43Is
2016-01-03,Creed,2015,https://boxd.it/a2qk
2016-01-03,Black Mass,2015,https://boxd.it/7K2g
2016-01-06,The Gift,2015,https://boxd.it/aJMy
2016-01-07,Spotlight,2015,https://boxd.it/a84k
2016-01-10,The Big Short,2015,https://boxd.it/ajZw
2016-01-22,Sisters,2015,https://boxd.it/7X7I
2016-01-23,Room,2015,https://boxd.it/7T0y
2016-01-23,Spectre,2015,https://boxd.it/6bXY
2016-02-24,Carol,2015,https://boxd.it/7DPK
2016-02-27,Bridge of Spies,2015,https://boxd.it/9n9C
2016-02-28,Brooklyn,2015,https://boxd.it/5bdk
2016-02-28,The Good Dinosaur,2015,https://boxd.it/3AD4
2016-03-13,10 Cloverfield Lane,2016,https://boxd.it/aZiu
2016-03-13,Zootopia,2016,https://boxd.it/84xS
2016-03-28,Deadpool,2016,https://boxd.it/9fOC
2016-03-28,Batman v Superman: Dawn of Justice,2016,https://boxd.it/6fBW
2016-04-16,Captain America: Civil War,2016,https://boxd.it/89Ja
2016-04-18,The Jungle Book,2016,https://boxd.it/8wjk
2016-05-02,Keanu,2016,https://boxd.it/brha
2016-05-09,The Diary of a Teenage Girl,2015,https://boxd.it/7kru
2016-05-23,The Nice Guys,2016,https://boxd.it/94Hg
2016-05-28,X-Men: Apocalypse,2016,https://boxd.it/7eJi
2016-06-09,Triple 9,2016,https://boxd.it/4Ec4
2016-06-09,Batman vs. Robin,2015,https://boxd.it/aqNs
2016-06-09,Superman/Batman: Apocalypse,2010,https://boxd.it/QcC
2016-06-09,Justice League: War,2014,https://boxd.it/6tFo
2016-06-09,Batman: Mystery of the Batwoman,2003,https://boxd.it/1BwO
2016-06-09,Son of Batman,2014,https://boxd.it/7mQm
2016-06-09,"Batman: The Dark Knight Returns, Part 2",2013,https://boxd.it/4xzg
2016-06-09,Planet Hulk,2010,https://boxd.it/1kOQ
2016-06-09,Hulk vs. Wolverine,2009,https://boxd.it/1MyG
2016-06-09,Hulk vs. Thor,2009,https://boxd.it/3tDc
2016-06-09,Justice League vs. Teen Titans,2016,https://boxd.it/dc8w
2016-06-09,Batman: Bad Blood,2016,https://boxd.it/cI0W
2016-06-09,Kick-Ass,2010,https://boxd.it/1zaQ
2016-06-09,Hellboy,2004,https://boxd.it/28HK
2016-06-09,Batman,1966,https://boxd.it/26uO
2016-06-09,Dredd,2012,https://boxd.it/GZE
2016-06-09,Chronicle,2012,https://boxd.it/2Emk
2016-06-09,Teenage Mutant Ninja Turtles,1990,https://boxd.it/28FY
2016-06-09,Sky High,2005,https://boxd.it/1TNI
2016-06-09,Hancock,2008,https://boxd.it/1Zv6
2016-06-09,The Green Hornet,2011,https://boxd.it/10TQ
2016-06-09,Ghost Rider,2007,https://boxd.it/290M
2016-06-09,Eternal Sunshine of the Spotless Mind,2004,https://boxd.it/6YK
2016-06-09,The Usual Suspects,1995,https://boxd.it/29XE
2016-06-09,The Shawshank Redemption,1994,https://boxd.it/2aHi
2016-06-09,Alien,1979,https://boxd.it/2awY
2016-06-09,The Lion King,1994,https://boxd.it/201Q
2016-06-09,Up,2009,https://boxd.it/1OEc
2016-06-09,Forrest Gump,1994,https://boxd.it/728
2016-06-09,Zodiac,2007,https://boxd.it/27MO
2016-06-09,Jurassic Park,1993,https://boxd.it/2aA2
2016-06-12,The Help,2011,https://boxd.it/EDm
2016-06-12,Pirates of the Caribbean: The Curse of the Black Pearl,2003,https://boxd.it/70G
2016-06-12,Begin Again,2013,https://boxd.it/5Ybs
2016-06-12,Cloverfield,2008,https://boxd.it/2192
2016-06-12,Casino Royale,2006,https://boxd.it/1alk
2016-06-12,Gladiator,2000,https://boxd.it/2b9m
2016-06-12,Neighbors 2: Sorority Rising,2016,https://boxd.it/aA80
2016-06-12,Teenage Mutant Ninja Turtles: Out of the Shadows,2016,https://boxd.it/9T2e
2016-06-19,Finding Dory,2016,https://boxd.it/4aAA
2016-06-19,Cars,2006,https://boxd.it/29ho
2016-06-21,Skyfall,2012,https://boxd.it/17Fc
2016-06-21,Aliens,1986,https://boxd.it/29PA
2016-06-21,American Beauty,1999,https://boxd.it/71Y
2016-06-21,Blade Runner,1982,https://boxd.it/2bcA
2016-06-22,Pirates of the Caribbean: On Stranger Tides,2011,https://boxd.it/27Z4
2016-06-22,Pirates of the Caribbean: At World's End,2007,https://boxd.it/2aGu
2016-06-22,Pirates of the Caribbean: Dead Man's Chest,2006,https://boxd.it/2bfk
2016-06-22,Die Hard,1988,https://boxd.it/2a7u
2016-06-22,Monty Python and the Holy Grail,1975,https://boxd.it/29GI
2016-06-22,WALL·E,2008,https://boxd.it/1VEo
2016-06-22,Foxcatcher,2014,https://boxd.it/35Di
2016-06-22,Selma,2014,https://boxd.it/8jak
2016-06-24,Central Intelligence,2016,https://boxd.it/9DFE
2016-06-24,The Truman Show,1998,https://boxd.it/18U8
2016-06-25,The Conjuring 2,2016,https://boxd.it/7GJg
2016-06-27,The Fundamentals of Caring,2016,https://boxd.it/aiai
2016-07-04,Swiss Army Man,2016,https://boxd.it/bDG2
2016-07-09,Midnight Special,2016,https://boxd.it/7dmi
2016-07-14,Wreck-It Ralph,2012,https://boxd.it/2TTS
2016-07-17,Ghostbusters,2016,https://boxd.it/Vm8
2016-07-17,Ghostbusters,1984,https://boxd.it/g2w
2016-07-24,Sing Street,2016,https://boxd.it/cOo6
2016-07-24,Lights Out,2016,https://boxd.it/bAHc
2016-07-25,Batman: The Killing Joke,2016,https://boxd.it/djxe
2016-07-26,Star Trek Beyond,2016,https://boxd.it/5Ik4
2016-08-06,Suicide Squad,2016,https://boxd.it/9row
2016-08-16,Jason Bourne,2016,https://boxd.it/ayYy
2016-09-03,Popstar: Never Stop Never Stopping,2016,https://boxd.it/blDa
2016-09-03,Sausage Party,2016,https://boxd.it/6CCe
2016-09-16,Ferris Bueller's Day Off,1986,https://boxd.it/1YPY
2016-09-16,Se7en,1995,https://boxd.it/29zs
2016-09-16,No Country for Old Men,2007,https://boxd.it/21ew
2016-09-24,The Social Network,2010,https://boxd.it/17ue
2016-09-25,The Magnificent Seven,2016,https://boxd.it/aZAy
2016-09-25,The Girl with the Dragon Tattoo,2011,https://boxd.it/2Pa
2016-10-23,The Accountant,2016,https://boxd.it/9EhI
2016-11-13,Arrival,2016,https://boxd.it/aNGk
2016-11-19,Doctor Strange,2016,https://boxd.it/8MH8
2016-11-19,Fantastic Beasts and Where to Find Them,2016,https://boxd.it/7FPC
2016-11-27,Moana,2016,https://boxd.it/8tfY
2016-11-27,War Dogs,2016,https://boxd.it/9SlO
2016-11-27,"Planes, Trains and Automobiles",1987,https://boxd.it/26zE
2016-11-27,Hell or High Water,2016,https://boxd.it/bfGM
2016-11-27,Memento,2000,https://boxd.it/2bcK
2016-12-17,Rogue One: A Star Wars Story,2016,https://boxd.it/aPvy
2016-12-21,Manchester by the Sea,2016,https://boxd.it/b2L0
2016-12-21,Trainspotting,1996,https://boxd.it/29XY
2016-12-22,Moonlight,2016,https://boxd.it/d6bE
2016-12-22,Short Term 12,2013,https://boxd.it/5f6s
2016-12-23,Other People,2016,https://boxd.it/cSTi
2016-12-30,Kubo and the Two Strings,2016,https://boxd.it/a4wE
2017-01-03,La La Land,2016,https://boxd.it/a5fa
2017-01-03,Sing,2016,https://boxd.it/b5EQ
2017-01-04,Beasts of No Nation,2015,https://boxd.it/8Lp8
2017-01-04,Lucky Number Slevin,2006,https://boxd.it/2aVu
2017-01-04,Grosse Pointe Blank,1997,https://boxd.it/1YGW
2017-01-05,Nocturnal Animals,2016,https://boxd.it/bkFu
2017-01-05,Hunt for the Wilderpeople,2016,https://boxd.it/cTgG
2017-01-06,Green Room,2015,https://boxd.it/a75m
2017-01-06,The Lobster,2015,https://boxd.it/7tnw
2017-01-07,Snowden,2016,https://boxd.it/9CWO
2017-01-18,Citizenfour,2014,https://boxd.it/9eSe
2017-02-06,Before the Flood,2016,https://boxd.it/et2W
2017-02-06,The Edge of Seventeen,2016,https://boxd.it/d5nu
2017-02-06,Justice League Dark,2017,https://boxd.it/en7G
2017-02-12,Paterson,2016,https://boxd.it/cRk2
2017-02-12,John Wick: Chapter 2,2017,https://boxd.it/ayGu
2017-02-13,20th Century Women,2016,https://boxd.it/bqU6
2017-02-20,The Lego Batman Movie,2017,https://boxd.it/azp0
2017-03-01,"I Love You, Man",2009,https://boxd.it/1JZu
2017-03-01,The Night Manager,2016,https://boxd.it/dsfS
2017-03-01,7 Days in Hell,2015,https://boxd.it/8VZ6
2017-03-03,Logan,2017,https://boxd.it/7Piy
2017-03-11,Kong: Skull Island,2017,https://boxd.it/9ewM
2017-03-23,Beauty and the Beast,2017,https://boxd.it/ar0c
2017-04-23,The Handmaiden,2016,https://boxd.it/948A
2017-04-25,Get Out,2017,https://boxd.it/eOCm
2017-05-07,Guardians of the Galaxy Vol. 2,2017,https://boxd.it/8MxC
2017-05-07,Split,2016,https://boxd.it/dgSy
2017-05-10,The Prestige,2006,https://boxd.it/293w
2017-05-23,Alien: Covenant,2017,https://boxd.it/49UY
2017-05-24,Baby Driver,2017,https://boxd.it/bhF2
2017-05-25,Scott Pilgrim vs. the World,2010,https://boxd.it/1Aq6
2017-06-04,Wonder Woman,2017,https://boxd.it/9roG
2017-07-06,Life,2017,https://boxd.it/dRqG
2017-07-08,Spider-Man: Homecoming,2017,https://boxd.it/aboM
2017-07-18,War for the Planet of the Apes,2017,https://boxd.it/8FE2
2017-07-24,Dunkirk,2017,https://boxd.it/d0Y6
2017-07-24,Lion,2016,https://boxd.it/b2La
2017-07-29,Atomic Blonde,2017,https://boxd.it/blDk
2017-08-10,The Incredible Jessica James,2017,https://boxd.it/flKo
2017-10-08,Blade Runner 2049,2017,https://boxd.it/b8wK
2017-10-08,The Big Sick,2017,https://boxd.it/eHvy
2017-10-08,Kingsman: The Golden Circle,2017,https://boxd.it/buJm
2017-10-08,A Monster Calls,2016,https://boxd.it/7DjE
2017-10-08,It,2017,https://boxd.it/bC8e
2017-11-04,Thor: Ragnarok,2017,https://boxd.it/8MHi
2017-12-19,Star Wars: The Last Jedi,2017,https://boxd.it/5xme
2017-12-19,Coco,2017,https://boxd.it/bYJQ
2017-12-20,Lady Bird,2017,https://boxd.it/dGNE
2017-12-20,Ingrid Goes West,2017,https://boxd.it/evUQ
2017-12-20,Justice League,2017,https://boxd.it/4w68
2017-12-21,Logan Lucky,2017,https://boxd.it/dZrs
2017-12-21,Heat,1995,https://boxd.it/2bg8
2017-12-21,Jim & Andy: The Great Beyond,2017,https://boxd.it/gO36
2017-12-21,The Girl on the Train,2016,https://boxd.it/bCJY
2017-12-21,The Lego Ninjago Movie,2017,https://boxd.it/8lEw
2018-01-04,The Shape of Water,2017,https://boxd.it/dZ5m
2018-01-04,Wind River,2017,https://boxd.it/dR3i
2018-01-04,Detroit,2017,https://boxd.it/el3C
2018-01-06,"Three Billboards Outside Ebbing, Missouri",2017,https://boxd.it/ceBS
2018-01-06,Colossal,2016,https://boxd.it/biZi
2018-01-07,Brigsby Bear,2017,https://boxd.it/ebkS
2018-01-16,"I, Tonya",2017,https://boxd.it/dzR0
2018-01-16,A Ghost Story,2017,https://boxd.it/fb0K
2018-01-16,Brad's Status,2017,https://boxd.it/f4Vk
2018-01-17,Raw,2016,https://boxd.it/dLd2
2018-01-17,Stronger,2017,https://boxd.it/dRqQ
2018-01-17,The Hitman's Bodyguard,2017,https://boxd.it/dCmO
2018-01-20,Call Me by Your Name,2017,https://boxd.it/dYmm
2018-02-23,The Post,2017,https://boxd.it/fTeG
2018-02-23,Black Panther,2018,https://boxd.it/8MHs
2018-02-25,Mute,2018,https://boxd.it/e6nW
2018-02-25,The Cloverfield Paradox,2018,https://boxd.it/doVA
2018-03-07,Annihilation,2018,https://boxd.it/9yzm
2018-04-02,Ready Player One,2018,https://boxd.it/aZes
2018-04-02,"Game Over, Man!",2018,https://boxd.it/gjaK
2018-04-10,A Quiet Place,2018,https://boxd.it/fVJQ
2018-05-03,Avengers: Infinity War,2018,https://boxd.it/9vEe
2018-05-16,Deadpool 2,2018,https://boxd.it/dlLM
2018-05-29,Solo: A Star Wars Story,2018,https://boxd.it/bGWs
2018-05-29,Murder on the Orient Express,2017,https://boxd.it/dHjA
2018-05-29,Battle of the Sexes,2017,https://boxd.it/cNxw
2018-05-29,Molly's Game,2017,https://boxd.it/dSl8
2018-05-30,Kodachrome,2017,https://boxd.it/ePjK
2018-06-01,Tomb Raider,2018,https://boxd.it/bgbA
2018-06-05,Game Night,2018,https://boxd.it/fRtu
2018-06-06,Just Friends,2005,https://boxd.it/1XfA
2018-06-06,"Definitely, Maybe",2008,https://boxd.it/20eU
2018-06-06,R.I.P.D.,2013,https://boxd.it/FQQ
2018-06-06,True Grit,2010,https://boxd.it/Sog
2018-06-06,Ocean's Eleven,2001,https://boxd.it/2aZm
2018-06-06,Drive,2011,https://boxd.it/IG
2018-06-06,"Crazy, Stupid, Love.",2011,https://boxd.it/D9A
2018-06-06,Gangster Squad,2013,https://boxd.it/2TVa
2018-06-06,Titanic,1997,https://boxd.it/2a2k
2018-06-06,Gangs of New York,2002,https://boxd.it/25FG
2018-06-06,The Great Gatsby,2013,https://boxd.it/JY
2018-06-06,Superbad,2007,https://boxd.it/20hO
2018-06-06,Zombieland,2009,https://boxd.it/1En6
2018-06-06,Easy A,2010,https://boxd.it/17DK
2018-06-17,Incredibles 2,2018,https://boxd.it/7IPg
2018-06-26,Jurassic World: Fallen Kingdom,2018,https://boxd.it/bOnU
2018-07-07,Ant-Man and the Wasp,2018,https://boxd.it/cqUW
2018-07-07,Role Models,2008,https://boxd.it/1MmK
2018-07-07,The 40 Year Old Virgin,2005,https://boxd.it/21hK
2018-07-07,Anchorman: The Legend of Ron Burgundy,2004,https://boxd.it/1ZVo
2018-07-07,Forgetting Sarah Marshall,2008,https://boxd.it/1XEq
2018-07-07,Anchorman 2: The Legend Continues,2013,https://boxd.it/3GNk
2018-07-10,Quantum of Solace,2008,https://boxd.it/1Vs8
2018-07-28,Mission: Impossible – Fallout,2018,https://boxd.it/bSVc
2018-07-28,Super Troopers 2,2018,https://boxd.it/ECo
2018-08-14,Like Father,2018,https://boxd.it/iN76
2018-08-26,Crazy Rich Asians,2018,https://boxd.it/gfnK
2018-10-08,A Star Is Born,2018,https://boxd.it/aXgc
2018-10-08,A Simple Favor,2018,https://boxd.it/hq92
2018-10-08,Venom,2018,https://boxd.it/b8wA
2018-10-21,Searching,2018,https://boxd.it/hDPg
2018-10-21,Halloween,2018,https://boxd.it/f0uE
2018-10-21,The Predator,2018,https://boxd.it/bDw2
2018-11-04,Eighth Grade,2018,https://boxd.it/hDMG
2018-11-04,The Spy Who Dumped Me,2018,https://boxd.it/geEg
2018-11-10,First Man,2018,https://boxd.it/cPym
2018-11-20,Fantastic Beasts: The Crimes of Grindelwald,2018,https://boxd.it/bg8G
2018-11-24,Ralph Breaks the Internet,2018,https://boxd.it/edAy
2018-11-24,Creed II,2018,https://boxd.it/hgl8
2018-12-06,Bohemian Rhapsody,2018,https://boxd.it/f1TK
2018-12-14,Spider-Man: Into the Spider-Verse,2018,https://boxd.it/azpY
2018-12-26,Bumblebee,2018,https://boxd.it/f21O
2018-12-26,Aquaman,2018,https://boxd.it/9ru0
2018-12-29,Teen Titans Go! To the Movies,2018,https://boxd.it/h13o
2019-01-15,Bad Times at the El Royale,2018,https://boxd.it/fSA2
2019-01-15,Blockers,2018,https://boxd.it/fxEW
2019-01-27,You Were Never Really Here,2017,https://boxd.it/dWOS
2019-01-27,Disobedience,2017,https://boxd.it/ePFG
2019-01-28,The Favourite,2018,https://boxd.it/d2hI
2019-02-09,The Lego Movie 2: The Second Part,2019,https://boxd.it/8BAU
2019-02-13,BlacKkKlansman,2018,https://boxd.it/hxL8
2019-02-22,Alita: Battle Angel,2019,https://boxd.it/e0rS
2019-02-22,The Breaker Upperers,2018,https://boxd.it/i846
2019-02-22,Bird Box,2018,https://boxd.it/eh1i
2019-03-09,Captain Marvel,2019,https://boxd.it/9vSA
2019-03-15,Five Feet Apart,2019,https://boxd.it/jaAK
2019-03-27,Vice,2018,https://boxd.it/fcFY
2019-04-27,Avengers: Endgame,2019,https://boxd.it/9vE4
2019-04-27,Us,2019,https://boxd.it/gnV6
2019-04-27,Shazam!,2019,https://boxd.it/8WBu
2019-07-05,Spider-Man: Far From Home,2019,https://boxd.it/fegG
2019-07-05,Toy Story 4,2019,https://boxd.it/9ALu
2019-07-05,John Wick: Chapter 3 – Parabellum,2019,https://boxd.it/gmFw
2019-07-05,Booksmart,2019,https://boxd.it/igNS
2019-07-05,Pokémon Detective Pikachu,2019,https://boxd.it/fVA0
2019-07-05,Always Be My Maybe,2019,https://boxd.it/iB2y
2019-07-05,Yesterday,2019,https://boxd.it/iF7M
2019-07-05,Godzilla: King of the Monsters,2019,https://boxd.it/cY7Y
2019-07-05,Dark Phoenix,2019,https://boxd.it/anyO
2019-07-05,Long Shot,2019,https://boxd.it/grG0
2019-09-25,Once Upon a Time... in Hollywood,2019,https://boxd.it/gH0O
2019-09-25,The Lion King,2019,https://boxd.it/eSjI
2019-09-25,It Chapter Two,2019,https://boxd.it/h10u
2019-09-25,Good Boys,2019,https://boxd.it/iW1G
2019-09-25,Zombieland: Double Tap,2019,https://boxd.it/bgb6
2019-10-02,Ad Astra,2019,https://boxd.it/ePzI
2019-10-02,Late Night,2019,https://boxd.it/iZq0
2019-10-30,Dolemite Is My Name,2019,https://boxd.it/je6E
2019-10-30,El Camino: A Breaking Bad Movie,2019,https://boxd.it/kv0q
2019-10-30,Joker,2019,https://boxd.it/h4cS
2019-11-07,Terminator: Dark Fate,2019,https://boxd.it/96YI
2019-11-14,Zero Dark Thirty,2012,https://boxd.it/3n1w
2019-11-14,End of Watch,2012,https://boxd.it/2F5O
2019-11-14,Lawless,2012,https://boxd.it/2TIK
2019-11-14,Jack Reacher,2012,https://boxd.it/2BUo
2019-11-14,Ted,2012,https://boxd.it/2pgc
2019-11-14,The Campaign,2012,https://boxd.it/2Hz2
2019-11-14,Red Dawn,2012,https://boxd.it/fhq
2019-11-14,Men in Black 3,2012,https://boxd.it/103U
2019-11-14,Total Recall,2012,https://boxd.it/Ro
2019-11-14,The Spectacular Now,2013,https://boxd.it/4VSG
2019-11-23,Knives Out,2019,https://boxd.it/jWEA
2019-12-05,Brittany Runs a Marathon,2019,https://boxd.it/jgGE
2020-01-01,Star Wars: The Rise of Skywalker,2019,https://boxd.it/5xlK
2020-01-14,Sorry to Bother You,2018,https://boxd.it/f21E
2020-02-07,1917,2019,https://boxd.it/jj4y
2020-02-07,Marriage Story,2019,https://boxd.it/hJAw
2020-02-07,Jojo Rabbit,2019,https://boxd.it/iEBG
2020-02-07,Hustlers,2019,https://boxd.it/jIBM
2020-03-05,Birds of Prey (and the Fantabulous Emancipation of One Harley Quinn),2020,https://boxd.it/hSyO
2020-03-05,The Invisible Man,2020,https://boxd.it/kWlA
2020-03-12,Palm Springs,2020,https://boxd.it/lCXQ
2020-04-08,Onward,2020,https://boxd.it/io92
2020-07-02,A Bug's Life,1998,https://boxd.it/1Yyy
2020-07-02,Ratatouille,2007,https://boxd.it/27ww
2020-07-02,The Lovebirds,2020,https://boxd.it/labE
2020-07-19,Extraction,2020,https://boxd.it/jUjA
2020-08-08,MacGruber,2010,https://boxd.it/17ay
2020-08-08,Hot Rod,2007,https://boxd.it/1X9C
2020-08-08,The Lonely Island Presents: The Unauthorized Bash Brothers Experience,2019,https://boxd.it/mihs
2020-08-08,The Watch,2012,https://boxd.it/2MZk
2020-09-05,Tenet,2020,https://boxd.it/leq4
2020-09-05,Big Time Adolescence,2019,https://boxd.it/jFke
2021-03-31,Wonder Woman 1984,2020,https://boxd.it/gBtA
2021-07-10,Black Widow,2021,https://boxd.it/hWV8
2021-08-10,Zack Snyder's Justice League,2021,https://boxd.it/tLOk
2021-08-10,The Suicide Squad,2021,https://boxd.it/fw6O
2021-08-10,Raya and the Last Dragon,2021,https://boxd.it/jbkI
2021-08-10,The Mitchells vs. the Machines,2021,https://boxd.it/i7xm
2021-08-10,Judas and the Black Messiah,2021,https://boxd.it/lsew
2021-08-10,A Quiet Place Part II,2020,https://boxd.it/iTx0
2021-08-10,Gunpowder Milkshake,2021,https://boxd.it/l5fQ
2021-08-10,Luca,2021,https://boxd.it/ipjC
2021-08-10,Godzilla vs. Kong,2021,https://boxd.it/e0qK
2021-08-10,I Care a Lot,2020,https://boxd.it/mcHk
2021-08-10,Bad Trip,2021,https://boxd.it/lgRG
2021-08-10,Mortal Kombat,2021,https://boxd.it/gswA
2021-08-10,Cherry,2021,https://boxd.it/jRhm
2021-08-10,The Conjuring: The Devil Made Me Do It,2021,https://boxd.it/eXZY
2021-08-10,The Old Guard,2020,https://boxd.it/jY2e
2021-08-10,Athlete A,2020,https://boxd.it/pxY8
2021-08-10,The New Mutants,2020,https://boxd.it/bjle
2021-08-10,Soul,2020,https://boxd.it/ioLA
2021-09-14,Loki,2021,https://boxd.it/sbHg
2021-09-14,WandaVision,2021,https://boxd.it/sbGW
2021-09-14,The Falcon and the Winter Soldier,2021,https://boxd.it/sbH6
2021-09-14,Shang-Chi and the Legend of the Ten Rings,2021,https://boxd.it/kLDI
2021-09-14,Free Guy,2021,https://boxd.it/k8dm
2021-09-18,Kate,2021,https://boxd.it/m2qy
2021-11-11,No Time to Die,2021,https://boxd.it/cPX2
2021-11-25,The Harder They Fall,2021,https://boxd.it/mRCU
2022-01-21,Hawkeye,2021,https://boxd.it/xQqK
2022-01-21,Dune,2021,https://boxd.it/fA7G
2022-01-21,Spider-Man: No Way Home,2021,https://boxd.it/nwRw
2022-01-21,Don't Look Up,2021,https://boxd.it/o0Hc
2022-01-21,Wrath of Man,2021,https://boxd.it/nEia
2022-01-27,Eternals,2021,https://boxd.it/j36o
2022-01-27,Encanto,2021,https://boxd.it/kPRu
2022-03-01,"Batman: The Long Halloween, Part One",2021,https://boxd.it/rCIe
2022-03-01,"Batman: The Long Halloween, Part Two",2021,https://boxd.it/rCI4
2022-03-01,Batman: Gotham by Gaslight,2018,https://boxd.it/gU7e
2022-03-01,Superman/Batman: Public Enemies,2009,https://boxd.it/1zXS
2022-03-01,Batman: Hush,2019,https://boxd.it/jyDI
2022-03-06,The Batman,2022,https://boxd.it/eDGs
2022-04-30,"The French Dispatch of the Liberty, Kansas Evening Sun",2021,https://boxd.it/jLP8
2022-05-10,Doctor Strange in the Multiverse of Madness,2022,https://boxd.it/gaTc
2022-05-10,Moon Knight,2022,https://boxd.it/zeDq
2022-05-10,I Want You Back,2022,https://boxd.it/poyU
2022-05-10,The Adam Project,2022,https://boxd.it/q2Dg
2022-05-10,Turning Red,2022,https://boxd.it/ipkq
2022-06-12,X,2022,https://boxd.it/sxVa
2022-06-12,Everything Everywhere All at Once,2022,https://boxd.it/jUk4
2022-06-20,The Northman,2022,https://boxd.it/nK2s
2022-06-21,Lightyear,2022,https://boxd.it/qV1G
2022-06-24,Spiderhead,2022,https://boxd.it/mLsO
2022-07-10,Last Night in Soho,2021,https://boxd.it/lbJC
2022-07-10,Thoroughbreds,2017,https://boxd.it/dVHQ
2022-07-12,Thor: Love and Thunder,2022,https://boxd.it/mMAY
2022-07-26,The Gray Man,2022,https://boxd.it/rb7q
2022-08-06,Nope,2022,https://boxd.it/sDCe
2022-08-06,Prey,2022,https://boxd.it/sNBU
2022-08-06,Predator,1987,https://boxd.it/2b84
2022-08-06,Predators,2010,https://boxd.it/1d9m
2022-08-06,AVP: Alien vs. Predator,2004,https://boxd.it/2atU
2022-08-06,Aliens vs Predator: Requiem,2007,https://boxd.it/2ans
2022-08-09,Uncharted,2022,https://boxd.it/b5Dy
2022-08-09,Nobody,2021,https://boxd.it/mLqS
2022-09-04,Top Gun: Maverick,2022,https://boxd.it/cjr4
2022-11-28,Weird: The Al Yankovic Story,2022,https://boxd.it/yYZA
2022-11-28,The People We Hate at the Wedding,2022,https://boxd.it/uc2i
2022-11-28,Black Adam,2022,https://boxd.it/fup0
2022-11-28,Smile,2022,https://boxd.it/xjfE
2023-01-10,Glass Onion,2022,https://boxd.it/oCkK
2023-01-10,Black Panther: Wakanda Forever,2022,https://boxd.it/igPu
2023-01-10,The Menu,2022,https://boxd.it/lScm
2023-01-10,Emily the Criminal,2022,https://boxd.it/wBOq
2023-01-10,Bullet Train,2022,https://boxd.it/qW26
2023-01-10,Bros,2022,https://boxd.it/mJZw
2023-01-10,Terminator Salvation,2009,https://boxd.it/2abQ
2023-01-10,Terminator 3: Rise of the Machines,2003,https://boxd.it/2aES
2023-01-10,Source Code,2011,https://boxd.it/fdo
2023-01-10,Bridesmaids,2011,https://boxd.it/rac
2023-01-10,Horrible Bosses,2011,https://boxd.it/Ba2
2023-01-10,The Hangover Part II,2011,https://boxd.it/PZI
2023-01-10,30 Minutes or Less,2011,https://boxd.it/bRa
2023-01-10,Transformers: Dark of the Moon,2011,https://boxd.it/16aC
2023-01-12,TÁR,2022,https://boxd.it/uNIA
2023-01-19,The Banshees of Inisherin,2022,https://boxd.it/p7XS
2023-02-08,Jackass Forever,2022,https://boxd.it/opUg
2023-02-08,Scream,2022,https://boxd.it/o0lg
2023-02-08,The Lost City,2022,https://boxd.it/sg0Q
2023-02-11,She Said,2022,https://boxd.it/vBaI
2023-02-18,Ant-Man and the Wasp: Quantumania,2023,https://boxd.it/nL2y
2023-05-06,Guardians of the Galaxy Vol. 3,2023,https://boxd.it/fVNI
2023-05-09,The Super Mario Bros. Movie,2023,https://boxd.it/i8C8
2023-05-09,Knock at the Cabin,2023,https://boxd.it/npL2
2023-05-09,Scream VI,2023,https://boxd.it/zdfW
2023-05-09,Dungeons & Dragons: Honor Among Thieves,2023,https://boxd.it/hN1A
2023-05-10,Triangle of Sadness,2022,https://boxd.it/hXlq
2023-05-20,Air,2023,https://boxd.it/Arlc
2023-05-24,Shazam! Fury of the Gods,2023,https://boxd.it/lV0S
2023-06-02,Spider-Man: Across the Spider-Verse,2023,https://boxd.it/kSz4
2023-06-08,BlackBerry,2023,https://boxd.it/CoVK
2023-06-08,Cocaine Bear,2023,https://boxd.it/ugw2
2023-06-13,Creed III,2023,https://boxd.it/pf68
2023-06-16,John Wick: Chapter 4,2023,https://boxd.it/mh48
2023-07-06,Batman: The Doom That Came to Gotham,2023,https://boxd.it/BW1Y
2023-07-10,Aftersun,2022,https://boxd.it/Arw0
2023-07-11,Phantom Thread,2017,https://boxd.it/e4uc
2023-07-11,What We Do in the Shadows,2014,https://boxd.it/7eQy
2023-07-11,Ghost in the Shell,2017,https://boxd.it/abTA
2023-07-11,Bodies Bodies Bodies,2022,https://boxd.it/iRcE
2023-07-11,Shiva Baby,2020,https://boxd.it/oIv0
2023-07-11,First Reformed,2017,https://boxd.it/go9C
2023-07-13,The Fabelmans,2022,https://boxd.it/ugoM
2023-07-13,Mission: Impossible – Dead Reckoning,2023,https://boxd.it/l7zS
2023-07-18,The Flash,2023,https://boxd.it/9twC
2023-07-18,Jennifer's Body,2009,https://boxd.it/1Efw
2023-07-19,Transformers: Rise of the Beasts,2023,https://boxd.it/oQTa
2023-07-26,Oppenheimer,2023,https://boxd.it/wUow
2023-07-28,Under the Silver Lake,2018,https://boxd.it/dSAs
2023-07-29,They Cloned Tyrone,2023,https://boxd.it/rE7a
2023-08-01,JFK,1991,https://boxd.it/29xm
2023-08-04,Chernobyl,2019,https://boxd.it/mkbG
2023-08-04,Joy Ride,2023,https://boxd.it/wEeK
2023-08-06,The Irishman,2019,https://boxd.it/dYOq
2023-08-06,Asteroid City,2023,https://boxd.it/s3ds
2023-08-07,Bones and All,2022,https://boxd.it/tLd4
2023-08-08,Good Time,2017,https://boxd.it/fcFu
2023-08-10,Happiness for Beginners,2023,https://boxd.it/xflo
2023-08-10,Babylon,2022,https://boxd.it/mM02
2023-08-13,No Hard Feelings,2023,https://boxd.it/xouu
2023-08-14,Uncut Gems,2019,https://boxd.it/gXGc
2023-09-26,Elemental,2023,https://boxd.it/ASiE
2023-09-26,Teenage Mutant Ninja Turtles: Mutant Mayhem,2023,https://boxd.it/mK0a
2023-09-28,Theater Camp,2023,https://boxd.it/Bfbm
2023-09-30,How to Blow Up a Pipeline,2022,https://boxd.it/C69e
2023-10-06,Ahsoka,2023,https://boxd.it/IhEE
2023-10-24,Bottoms,2023,https://boxd.it/uGf2
2023-10-27,Barbie,2023,https://boxd.it/bCLK
2023-10-27,The Fall of the House of Usher,2023,https://boxd.it/IWYg
2023-11-06,Past Lives,2023,https://boxd.it/oNB8
2023-11-11,The Killer,2023,https://boxd.it/u6WE
2023-11-13,The Farewell,2019,https://boxd.it/kIky
2023-11-18,Extraction 2,2023,https://boxd.it/q4Zo
2023-12-02,Barbarian,2022,https://boxd.it/yohi
2023-12-02,The Big Lebowski,1998,https://boxd.it/2b6C
2023-12-02,May December,2023,https://boxd.it/vEE2
2023-12-03,Indiana Jones and the Dial of Destiny,2023,https://boxd.it/b8vM
2023-12-12,Leave the World Behind,2023,https://boxd.it/re0i
2023-12-28,The Creator,2023,https://boxd.it/oXWq
2024-01-01,The Holdovers,2023,https://boxd.it/vHza
2024-01-06,Saltburn,2023,https://boxd.it/z4eg
2024-01-06,A Thousand and One,2023,https://boxd.it/wi60
2024-01-13,Godzilla Minus One,2023,https://boxd.it/zu4c
2024-01-16,Killers of the Flower Moon,2023,https://boxd.it/gHp0
2024-02-04,Poor Things,2023,https://boxd.it/tNWU
2024-02-10,The Marvels,2023,https://boxd.it/mwU4
2024-02-22,The Guardians of the Galaxy Holiday Special,2022,https://boxd.it/t77K
2024-02-26,The Zone of Interest,2023,https://boxd.it/gJsA
2024-02-27,Superman: Man of Tomorrow,2020,https://boxd.it/mSaC
2024-03-04,Dune: Part Two,2024,https://boxd.it/pUfA
2024-03-20,Hereditary,2018,https://boxd.it/hNVe
2024-03-23,Anatomy of a Fall,2023,https://boxd.it/yuDE
2024-03-28,Dream Scenario,2023,https://boxd.it/v2h0
2024-04-21,Civil War,2024,https://boxd.it/z1jW
2024-05-26,Challengers,2024,https://boxd.it/zld0
2024-05-26,Anyone But You,2023,https://boxd.it/EzA8
2024-06-22,Hit Man,2023,https://boxd.it/ANB2
2024-06-22,Love Lies Bleeding,2024,https://boxd.it/zN4q
2024-07-01,Furiosa: A Mad Max Saga,2024,https://boxd.it/tABk
2024-07-08,Godzilla × Kong: The New Empire,2024,https://boxd.it/v1PK
2024-07-19,Monkey Man,2024,https://boxd.it/kvsO
2024-07-23,Inside Out 2,2024,https://boxd.it/CFrC
2024-07-31,Deadpool & Wolverine,2024,https://boxd.it/jq8s
2024-08-20,Kingdom of the Planet of the Apes,2024,https://boxd.it/ohEE
2024-08-25,No One Will Save You,2023,https://boxd.it/uUO6
2024-08-25,Alien³,1992,https://boxd.it/20zS
2024-08-26,Alien Resurrection,1997,https://boxd.it/20zI
2024-09-12,Rebel Ridge,2024,https://boxd.it/nZum
2024-10-18,Alien: Romulus,2024,https://boxd.it/zGqO
2024-11-04,Transformers One,2024,https://boxd.it/q7bc
2024-11-10,Trap,2024,https://boxd.it/D4nK
2024-11-10,Babes,2024,https://boxd.it/BMCU
2025-02-11,Carry-On,2024,https://boxd.it/C0B2
2025-02-13,The Fall Guy,2024,https://boxd.it/s0Bm
2025-02-25,Smile 2,2024,https://boxd.it/FDA4
2025-02-28,Captain America: Brave New World,2025,https://boxd.it/uYDm
2025-05-03,Longlegs,2024,https://boxd.it/KzLM
2025-05-03,Thunderbolts*,2025,https://boxd.it/BfbQ
2025-05-09,The Substance,2024,https://boxd.it/zanS
2025-05-10,The Wild Robot,2024,https://boxd.it/IWFy
2025-05-11,Companion,2025,https://boxd.it/F04o
2025-06-14,Mission: Impossible – The Final Reckoning,2025,https://boxd.it/l7A2
2025-06-19,Sinners,2025,https://boxd.it/KQMM
2025-07-12,Superman,2025,https://boxd.it/E9IU
2025-09-03,Materialists,2025,https://boxd.it/GZlW
2025-09-03,The Fantastic 4: First Steps,2025,https://boxd.it/mP6C
2025-09-03,Friendship,2024,https://boxd.it/L6Dc
2025-09-27,One Battle After Another,2025,https://boxd.it/DUHM
2025-10-06,Black Bag,2025,https://boxd.it/KRbM
2025-10-07,Novocaine,2025,https://boxd.it/JmdA
2025-10-08,The Naked Gun,2025,https://boxd.it/Da9k
2025-10-08,Elio,2025,https://boxd.it/CFr8
2025-10-08,Honey Don't!,2025,https://boxd.it/Hurc
2025-10-09,Ballerina,2025,https://boxd.it/jKqG
2025-10-16,Heads of State,2025,https://boxd.it/s9tG
2025-10-17,Splitsville,2025,https://boxd.it/PGtA
2025-10-22,Mickey 17,2025,https://boxd.it/q1Dk
2025-10-28,A House of Dynamite,2025,https://boxd.it/NcXc
2025-11-02,Jurassic World Rebirth,2025,https://boxd.it/KUeE
2025-11-15,Eddington,2025,https://boxd.it/o6MC
2025-11-30,The Polar Express,2004,https://boxd.it/23am
2025-12-13,Wake Up Dead Man,2025,https://boxd.it/uAKS
2026-01-01,F1,2025,https://boxd.it/yjVM
2026-01-08,Bugonia,2025,https://boxd.it/qeWY
2026-01-21,Weapons,2025,https://boxd.it/EMTM
2026-01-27,The Rip,2026,https://boxd.it/NP5y
2026-02-13,The Running Man,2025,https://boxd.it/u36A
2026-02-23,Predator: Badlands,2025,https://boxd.it/LeK6
2026-03-05,Predator 2,1990,https://boxd.it/2aY4
2026-03-05,Predator: Killer of Killers,2025,https://boxd.it/QYvQ
