Date,Name,Year,Letterboxd URI,Rating,Rewatch,Tags,Watched Date
2017-03-01,Jackass Presents: Bad Grandpa,2013,https://boxd.it/eWizP,3.5,,,2013-11-09
2017-03-01,12 Years a Slave,2013,https://boxd.it/eWizF,4.5,,,2013-11-11
2017-03-01,Fantastic Four: Rise of the Silver Surfer,2007,https://boxd.it/eWisf,2,,,2014-01-08
2017-03-01,The Dark Knight,2008,https://boxd.it/eWisp,4.5,,,2014-01-08
2017-03-01,The Dark Knight Rises,2012,https://boxd.it/eWisz,3.5,,,2014-01-08
2017-03-01,Prisoners,2013,https://boxd.it/eWisJ,4,,,2014-01-08
2017-03-01,The Avengers,2012,https://boxd.it/eWisT,4.5,,,2014-01-08
2017-03-01,Good Will Hunting,1997,https://boxd.it/eWit3,4.5,,,2014-01-08
2017-03-01,World War Z,2013,https://boxd.it/eWitd,4,,,2014-01-08
2017-03-01,Captain America: The First Avenger,2011,https://boxd.it/eWitx,4,,,2014-01-08
2017-03-01,Fast & Furious 6,2013,https://boxd.it/eWitH,3.5,,,2014-01-08
2017-03-01,Batman Begins,2005,https://boxd.it/eWitR,4.5,,,2014-01-08
2017-03-01,Now You See Me,2013,https://boxd.it/eWiu1,3.5,,,2014-01-08
2017-03-01,Iron Man,2008,https://boxd.it/eWiub,4.5,,,2014-01-08
2017-03-01,Prometheus,2012,https://boxd.it/eWiul,4,,,2014-01-08
2017-03-01,Man of Steel,2013,https://boxd.it/eWiuv,2.5,,,2014-01-08
2017-03-01,X-Men,2000,https://boxd.it/eWiuF,3.5,,,2014-01-08
2017-03-01,The Bourne Identity,2002,https://boxd.it/eWiuP,4,,,2014-01-08
2017-03-01,Star Trek,2009,https://boxd.it/eWiuZ,4,,,2014-01-08
2017-03-01,X-Men Origins: Wolverine,2009,https://boxd.it/eWiv9,2,,,2014-01-08
2017-03-01,Pacific Rim,2013,https://boxd.it/eWivj,4,,,2014-01-08
2017-03-01,The Wolverine,2013,https://boxd.it/eWivt,4,,,2014-01-08
2017-03-01,Shaun of the Dead,2004,https://boxd.it/eWivD,4,,,2014-01-08
2017-03-01,We're the Millers,2013,https://boxd.it/eWivN,3,,,2014-01-08
2017-03-01,This Is the End,2013,https://boxd.it/eWivX,3.5,,,2014-01-08
2017-03-01,Hot Fuzz,2007,https://boxd.it/eWiw7,4,,,2014-01-08
2017-03-01,Spring Breakers,2012,https://boxd.it/eWiwh,0.5,,,2014-01-08
2017-03-01,Sherlock Holmes,2009,https://boxd.it/eWiwr,4,,,2014-01-08
2017-03-01,The Bourne Supremacy,2004,https://boxd.it/eWiwB,4,,,2014-01-08
2017-03-01,Oblivion,2013,https://boxd.it/eWiwL,3.5,,,2014-01-08
2017-03-01,Elysium,2013,https://boxd.it/eWiwV,3.5,,,2014-01-08
2017-03-01,The Bourne Ultimatum,2007,https://boxd.it/eWix5,4.5,,,2014-01-08
2017-03-01,Iron Man 2,2010,https://boxd.it/eWixf,3.5,,,2014-01-08
2017-03-01,Kick-Ass 2,2013,https://boxd.it/eWixp,4,,,2014-01-08
2017-03-01,The Fighter,2010,https://boxd.it/eWixz,4,,,2014-01-08
2017-03-01,X2,2003,https://boxd.it/eWixJ,3.5,,,2014-01-08
2017-03-01,The Heat,2013,https://boxd.it/eWixT,3.5,,,2014-01-08
2017-03-01,The World's End,2013,https://boxd.it/eWiy3,4,,,2014-01-08
2017-03-01,X-Men: The Last Stand,2006,https://boxd.it/eWiyd,3,,,2014-01-08
2017-03-01,Contagion,2011,https://boxd.it/eWiyn,3.5,,,2014-01-08
2017-03-01,Sherlock Holmes: A Game of Shadows,2011,https://boxd.it/eWiyx,3.5,,,2014-01-08
2017-03-01,Only God Forgives,2013,https://boxd.it/eWiyH,2.5,,,2014-01-08
2017-03-01,The Hangover Part III,2013,https://boxd.it/eWiyR,2,,,2014-01-08
2017-03-01,Fantastic Four,2005,https://boxd.it/eWiz1,3,,,2014-01-08
2017-03-01,Despicable Me 2,2013,https://boxd.it/eWizb,4,,,2014-01-08
2017-03-01,Monsters University,2013,https://boxd.it/eWizl,3.5,,,2014-01-08
2017-03-01,Insidious: Chapter 2,2013,https://boxd.it/eWizv,2.5,,,2014-01-08
2017-03-01,That Awkward Moment,2014,https://boxd.it/eWis5,3,,,2014-02-08
2017-03-01,Captain America: The Winter Soldier,2014,https://boxd.it/eWirV,5,,,2014-04-05
2017-03-01,Inception,2010,https://boxd.it/eWinT,4.5,,,2014-05-04
2017-03-01,The Departed,2006,https://boxd.it/eWio3,4.5,,,2014-05-04
2017-03-01,The Lord of the Rings: The Fellowship of the Ring,2001,https://boxd.it/eWiod,4.5,,,2014-05-04
2017-03-01,Star Wars,1977,https://boxd.it/eWion,4.5,,,2014-05-04
2017-03-01,Divergent,2014,https://boxd.it/eWiox,2.5,,,2014-05-04
2017-03-01,Spider-Man,2002,https://boxd.it/eWioH,4.5,,,2014-05-04
2017-03-01,Star Wars: Episode I – The Phantom Menace,1999,https://boxd.it/eWioR,3,,,2014-05-04
2017-03-01,Batman,1989,https://boxd.it/eWip1,4,,,2014-05-04
2017-03-01,The Lord of the Rings: The Two Towers,2002,https://boxd.it/eWipb,4.5,,,2014-05-04
2017-03-01,Return of the Jedi,1983,https://boxd.it/eWipl,4.5,,,2014-05-04
2017-03-01,21 Jump Street,2012,https://boxd.it/eWipv,4,,,2014-05-04
2017-03-01,Iron Man 3,2013,https://boxd.it/eWipF,4,,,2014-05-04
2017-03-01,Indiana Jones and the Last Crusade,1989,https://boxd.it/eWipP,4,,,2014-05-04
2017-03-01,Indiana Jones and the Temple of Doom,1984,https://boxd.it/eWipZ,4,,,2014-05-04
2017-03-01,The Empire Strikes Back,1980,https://boxd.it/eWiq9,5,,,2014-05-04
2017-03-01,Lone Survivor,2013,https://boxd.it/eWiqj,4,,,2014-05-04
2017-03-01,Batman & Robin,1997,https://boxd.it/eWiqt,1,,,2014-05-04
2017-03-01,Hulk,2003,https://boxd.it/eWiqD,3,,,2014-05-04
2017-03-01,Batman Returns,1992,https://boxd.it/eWiqN,3.5,,,2014-05-04
2017-03-01,Spider-Man 3,2007,https://boxd.it/eWiqX,3,,,2014-05-04
2017-03-01,Batman Forever,1995,https://boxd.it/eWir7,2.5,,,2014-05-04
2017-03-01,Spider-Man 2,2004,https://boxd.it/eWirh,4.5,,,2014-05-04
2017-03-01,Moneyball,2011,https://boxd.it/eWirr,4.5,,,2014-05-04
2017-03-01,Daredevil,2003,https://boxd.it/eWirB,2.5,,,2014-05-04
2017-03-01,The Way Way Back,2013,https://boxd.it/eWirL,4,,,2014-05-04
2017-03-01,Super 8,2011,https://boxd.it/eWinz,4,,,2014-05-24
2017-03-01,Rise of the Planet of the Apes,2011,https://boxd.it/eWinJ,4,,,2014-05-24
2017-03-01,The Town,2010,https://boxd.it/eWinf,4.5,,,2014-05-31
2017-03-01,Neighbors,2014,https://boxd.it/eWinp,3,,,2014-05-31
2017-03-01,X-Men: First Class,2011,https://boxd.it/eWimV,4.5,,,2014-06-22
2017-03-01,Green Lantern,2011,https://boxd.it/eWin5,2,,,2014-06-22
2017-03-01,Transformers: Age of Extinction,2014,https://boxd.it/eWimB,1.5,,,2014-06-30
2017-03-01,22 Jump Street,2014,https://boxd.it/eWimL,4,,,2014-06-30
2017-03-01,Harry Potter and the Philosopher's Stone,2001,https://boxd.it/eWilN,4,,,2014-07-09
2017-03-01,Harry Potter and the Prisoner of Azkaban,2004,https://boxd.it/eWilX,4.5,,,2014-07-09
2017-03-01,Edge of Tomorrow,2014,https://boxd.it/eWim7,4.5,,,2014-07-09
2017-03-01,Harry Potter and the Chamber of Secrets,2002,https://boxd.it/eWimh,4,,,2014-07-09
2017-03-01,Harry Potter and the Deathly Hallows: Part 1,2010,https://boxd.it/eWimr,4,,,2014-07-09
2017-03-01,Indiana Jones and the Kingdom of the Crystal Skull,2008,https://boxd.it/eWilD,2,,,2014-07-29
2017-03-01,What If,2013,https://boxd.it/eWilt,4,,,2014-08-17
2017-03-01,X-Men: Days of Future Past,2014,https://boxd.it/eWilj,4,,,2014-10-30
2017-03-01,Django Unchained,2012,https://boxd.it/eWikP,4.5,,,2014-11-23
2017-03-01,Kill Bill: Vol. 1,2003,https://boxd.it/eWikZ,4.5,,,2014-11-23
2017-03-01,Kill Bill: Vol. 2,2004,https://boxd.it/eWil9,4,,,2014-11-23
2017-03-01,Interstellar,2014,https://boxd.it/eWikv,4,,,2014-12-11
2017-03-01,Big Hero 6,2014,https://boxd.it/eWikF,4.5,,,2014-12-11
2017-03-01,Fargo,1996,https://boxd.it/eWijn,4,,,2014-12-19
2017-03-01,Terminator 2: Judgment Day,1991,https://boxd.it/eWijx,4.5,,,2014-12-19
2017-03-01,The Terminator,1984,https://boxd.it/eWijH,4.5,,,2014-12-19
2017-03-01,Rush,2013,https://boxd.it/eWijR,4.5,,,2014-12-19
2017-03-01,Toy Story,1995,https://boxd.it/eWik1,5,,,2014-12-19
2017-03-01,"Monsters, Inc.",2001,https://boxd.it/eWikb,4.5,,,2014-12-19
2017-03-01,Toy Story 3,2010,https://boxd.it/eWikl,4.5,,,2014-12-19
2017-03-01,The Hobbit: An Unexpected Journey,2012,https://boxd.it/eWij3,4,,,2014-12-22
2017-03-01,The Hobbit: The Desolation of Smaug,2013,https://boxd.it/eWijd,4,,,2014-12-22
2017-03-01,Godzilla,2014,https://boxd.it/eWiiT,4,,,2014-12-27
2017-03-01,The Grand Budapest Hotel,2014,https://boxd.it/eWiiJ,4.5,,,2014-12-28
2017-03-01,Into the Woods,2014,https://boxd.it/eWiip,3,,,2015-01-09
2017-03-01,The Equalizer,2014,https://boxd.it/eWiiz,3.5,,,2015-01-09
2017-03-01,Gone Girl,2014,https://boxd.it/eWiif,4.5,,,2015-01-17
2017-03-01,American Sniper,2014,https://boxd.it/eWii5,4,,,2015-01-19
2017-03-01,Nightcrawler,2014,https://boxd.it/eWihL,4.5,,,2015-02-24
2017-03-01,Lucy,2014,https://boxd.it/eWihV,3.5,,,2015-02-24
2017-03-01,Birdman or (The Unexpected Virtue of Ignorance),2014,https://boxd.it/eWihB,4.5,,,2015-02-28
2017-03-01,Whiplash,2014,https://boxd.it/eWihr,5,,,2015-03-04
2017-03-01,John Wick,2014,https://boxd.it/eWihh,4,,,2015-03-05
2017-03-01,Foxcatcher,2014,https://boxd.it/eWih7,4,,,2015-03-07
2017-03-01,Kingsman: The Secret Service,2014,https://boxd.it/eWigX,4.5,,,2015-03-08
2017-03-01,Daredevil,2003,https://boxd.it/eWigN,4.5,,,2015-04-11
2017-03-01,The Lego Movie,2014,https://boxd.it/eWidJ,4.5,,,2015-04-13
2017-03-01,Pulp Fiction,1994,https://boxd.it/eWidT,4.5,,,2015-04-13
2017-03-01,The Wolf of Wall Street,2013,https://boxd.it/eWie3,4.5,,,2015-04-13
2017-03-01,Harry Potter and the Deathly Hallows: Part 2,2011,https://boxd.it/eWied,4.5,,,2015-04-13
2017-03-01,Saving Private Ryan,1998,https://boxd.it/eWien,4.5,,,2015-04-13
2017-03-01,Harry Potter and the Goblet of Fire,2005,https://boxd.it/eWiex,4,,,2015-04-13
2017-03-01,Warrior,2011,https://boxd.it/eWieH,4,,,2015-04-13
2017-03-01,Fury,2014,https://boxd.it/eWieR,4,,,2015-04-13
2017-03-01,The Place Beyond the Pines,2012,https://boxd.it/eWif1,4,,,2015-04-13
2017-03-01,The Perks of Being a Wallflower,2012,https://boxd.it/eWifb,4,,,2015-04-13
2017-03-01,Looper,2012,https://boxd.it/eWifl,4,,,2015-04-13
2017-03-01,Thor,2011,https://boxd.it/eWifv,4,,,2015-04-13
2017-03-01,Harry Potter and the Order of the Phoenix,2007,https://boxd.it/eWifF,4,,,2015-04-13
2017-03-01,Harry Potter and the Half-Blood Prince,2009,https://boxd.it/eWifP,4,,,2015-04-13
2017-03-01,Star Trek Into Darkness,2013,https://boxd.it/eWifZ,4,,,2015-04-13
2017-03-01,Gravity,2013,https://boxd.it/eWig9,4,,,2015-04-13
2017-03-01,Dawn of the Planet of the Apes,2014,https://boxd.it/eWigj,4.5,,,2015-04-13
2017-03-01,The Incredible Hulk,2008,https://boxd.it/eWigt,4,,,2015-04-13
2017-03-01,Captain Phillips,2013,https://boxd.it/eWigD,4,,,2015-04-13
2017-03-01,The Imitation Game,2014,https://boxd.it/eWidp,4.5,,,2015-05-06
2017-03-01,Inside Llewyn Davis,2013,https://boxd.it/eWidz,4,,,2015-05-06
2017-03-01,The Amazing Spider-Man 2,2014,https://boxd.it/eWid5,2.5,,,2015-05-11
2017-03-01,Toy Story 2,1999,https://boxd.it/eWidf,4.5,,,2015-05-11
2017-03-01,The Amazing Spider-Man,2012,https://boxd.it/eWicV,4,,,2015-05-14
2017-03-01,Mad Max: Fury Road,2015,https://boxd.it/eWicL,4.5,,,2015-05-16
2017-03-01,The Incredibles,2004,https://boxd.it/eWicr,4.5,,,2015-05-17
2017-03-01,Finding Nemo,2003,https://boxd.it/eWicB,4.5,,,2015-05-17
2017-03-01,The Silence of the Lambs,1991,https://boxd.it/eWibN,4,,,2015-05-26
2017-03-01,Hannibal,2001,https://boxd.it/eWibX,3.5,,,2015-05-26
2017-03-01,Teenage Mutant Ninja Turtles,2014,https://boxd.it/eWic7,3.5,,,2015-05-26
2017-03-01,Manhunter,1986,https://boxd.it/eWich,3.5,,,2015-05-26
2017-03-01,Fight Club,1999,https://boxd.it/eWiaF,4.5,,,2015-05-27
2017-03-01,Ex Machina,2015,https://boxd.it/eWiaP,4.5,,,2015-05-27
2017-03-01,Back to the Future,1985,https://boxd.it/eWiaZ,4.5,,,2015-05-27
2017-03-01,Raiders of the Lost Ark,1981,https://boxd.it/eWib9,4.5,,,2015-05-27
2017-03-01,Back to the Future Part II,1989,https://boxd.it/eWibj,4.5,,,2015-05-27
2017-03-01,Back to the Future Part III,1990,https://boxd.it/eWibt,3.5,,,2015-05-27
2017-03-01,A Most Violent Year,2014,https://boxd.it/eWibD,4,,,2015-05-27
2017-03-01,Red Dragon,2002,https://boxd.it/eWiav,3.5,,,2015-05-29
2017-03-01,District 9,2009,https://boxd.it/eWial,4.5,,,2015-05-31
2017-03-01,The Hunger Games,2012,https://boxd.it/eWi9R,3.5,,,2015-06-11
2017-03-01,The Hunger Games: Catching Fire,2013,https://boxd.it/eWia1,3.5,,,2015-06-11
2017-03-01,The Hunger Games: Mockingjay – Part 1,2014,https://boxd.it/eWiab,3,,,2015-06-11
2017-03-01,Tomorrowland,2015,https://boxd.it/eWi9H,3.5,,,2015-06-12
2017-03-01,Inglourious Basterds,2009,https://boxd.it/eWi9d,4.5,,,2015-06-19
2017-03-01,Inside Out,2015,https://boxd.it/eWi9n,4.5,,,2015-06-19
2017-03-01,Argo,2012,https://boxd.it/eWi9x,4.5,,,2015-06-19
2017-03-01,Terminator Genisys,2015,https://boxd.it/eWi93,3.5,,,2015-07-02
2017-03-01,The Kids Are All Right,2010,https://boxd.it/eWi8T,4,,,2015-07-05
2017-03-01,Superman Returns,2006,https://boxd.it/eWi8J,3.5,,,2015-07-06
2017-03-01,Ted 2,2015,https://boxd.it/eWi8z,3.5,,,2015-07-09
2017-03-01,7 Days in Hell,2015,https://boxd.it/eWi8p,4.5,,,2015-07-10
2017-03-01,Spy,2015,https://boxd.it/eWi8f,4,,,2015-07-13
2017-03-01,Ant-Man,2015,https://boxd.it/eWi85,4.5,,,2015-07-17
2017-03-01,The To Do List,2013,https://boxd.it/eWi7V,4,,,2015-07-25
2017-03-01,Paper Towns,2015,https://boxd.it/eWi7L,3.5,,,2015-07-26
2017-03-01,Still Alice,2014,https://boxd.it/eWi7B,4.5,,,2015-07-28
2017-03-01,Mission: Impossible,1996,https://boxd.it/eWi7r,4,,,2015-07-29
2017-03-01,Mission: Impossible – Rogue Nation,2015,https://boxd.it/eWi6N,4.5,,,2015-07-31
2017-03-01,Mission: Impossible III,2006,https://boxd.it/eWi6X,4,,,2015-07-31
2017-03-01,Mission: Impossible – Ghost Protocol,2011,https://boxd.it/eWi77,4.5,,,2015-07-31
2017-03-01,Mission: Impossible II,2000,https://boxd.it/eWi7h,3.5,,,2015-07-31
2017-03-01,Boyhood,2014,https://boxd.it/eWi6t,4.5,,,2015-08-03
2017-03-01,Selma,2014,https://boxd.it/eWi6D,4,,,2015-08-03
2017-03-01,Trainwreck,2015,https://boxd.it/eWi6j,3.5,,,2015-08-04
2017-03-01,Straight Outta Compton,2015,https://boxd.it/eWi69,4,,,2015-08-17
2017-03-01,Star Wars: Episode III – Revenge of the Sith,2005,https://boxd.it/eWi5P,3.5,,,2015-08-24
2017-03-01,Star Wars: Episode II – Attack of the Clones,2002,https://boxd.it/eWi5Z,3,,,2015-08-24
2017-03-01,About Time,2013,https://boxd.it/eWi5l,4,,,2015-09-05
2017-03-01,Before We Go,2014,https://boxd.it/eWi5v,3.5,,,2015-09-05
2017-03-01,Batman: Mystery of the Batwoman,2003,https://boxd.it/eWi2B,3.5,,,2015-09-07
2017-03-01,Batman & Mr. Freeze: SubZero,1998,https://boxd.it/eWi2L,4,,,2015-09-07
2017-03-01,Batman Beyond: Return of the Joker,2000,https://boxd.it/eWi35,4.5,,,2015-09-07
2017-03-01,Planet Hulk,2010,https://boxd.it/eWi3f,4,,,2015-09-07
2017-03-01,Superman/Batman: Apocalypse,2010,https://boxd.it/eWi3p,3.5,,,2015-09-07
2017-03-01,Justice League: The New Frontier,2008,https://boxd.it/eWi3z,4,,,2015-09-07
2017-03-01,Batman: Under the Red Hood,2010,https://boxd.it/eWi3J,4.5,,,2015-09-07
2017-03-01,Justice League: War,2014,https://boxd.it/eWi3T,3.5,,,2015-09-07
2017-03-01,Justice League: The Flashpoint Paradox,2013,https://boxd.it/eWi43,4,,,2015-09-07
2017-03-01,"Batman: The Dark Knight Returns, Part 1",2012,https://boxd.it/eWi4d,4,,,2015-09-07
2017-03-01,Batman: Assault on Arkham,2014,https://boxd.it/eWi4n,4,,,2015-09-07
2017-03-01,Batman: Mask of the Phantasm,1993,https://boxd.it/eWi4x,4.5,,,2015-09-07
2017-03-01,"Batman: The Dark Knight Returns, Part 2",2013,https://boxd.it/eWi4H,4.5,,,2015-09-07
2017-03-01,Batman vs. Robin,2015,https://boxd.it/eWi4R,3.5,,,2015-09-07
2017-03-01,Batman: Year One,2011,https://boxd.it/eWi51,4,,,2015-09-07
2017-03-01,Justice League: Doom,2012,https://boxd.it/eWi5b,4,,,2015-09-07
2017-03-01,The Martian,2015,https://boxd.it/eWi2r,4.5,,,2015-10-02
2017-03-01,Me and Earl and the Dying Girl,2015,https://boxd.it/eWi2h,4.5,,,2015-10-03
2017-03-01,Dope,2015,https://boxd.it/eWi27,4,,,2015-10-29
2017-03-01,Son of Batman,2014,https://boxd.it/eWi1N,3.5,,,2015-11-02
2017-03-01,Avengers: Age of Ultron,2015,https://boxd.it/eWi19,4,,,2015-11-11
2017-03-01,The Man from U.N.C.L.E.,2015,https://boxd.it/eWi1j,4,,,2015-11-11
2017-03-01,Casino Royale,2006,https://boxd.it/eWi1t,4,,,2015-11-11
2017-03-01,Skyfall,2012,https://boxd.it/eWi1D,4,,,2015-11-11
2017-03-01,Dredd,2012,https://boxd.it/eWi0Z,4,,,2015-11-18
2017-03-01,The Hunger Games: Mockingjay – Part 2,2015,https://boxd.it/eWi0P,3.5,,,2015-11-20
2017-03-01,Moon,2009,https://boxd.it/eWi0F,4,,,2015-11-30
2017-03-01,The Hateful Eight,2015,https://boxd.it/eWi0l,4.5,,,2015-12-22
2017-03-01,Star Wars: The Force Awakens,2015,https://boxd.it/eWi0v,4.5,,,2015-12-22
2017-03-01,The Revenant,2015,https://boxd.it/eWi0b,4,,,2015-12-23
2017-03-01,Steve Jobs,2015,https://boxd.it/eWi01,4.5,,,2015-12-24
2017-03-01,Die Hard,1988,https://boxd.it/eWhZR,4,,,2015-12-25
2017-03-01,Black Mass,2015,https://boxd.it/eWhZx,4,,,2016-01-03
2017-03-01,Creed,2015,https://boxd.it/eWhZH,4.5,,,2016-01-03
2017-03-01,Sicario,2015,https://boxd.it/eWhZn,4,,,2016-01-05
2017-03-01,The Gift,2015,https://boxd.it/eWhZd,4,,,2016-01-06
2017-03-01,Spotlight,2015,https://boxd.it/eWhZ3,4.5,,,2016-01-07
2017-03-01,The Big Short,2015,https://boxd.it/eWhYT,4.5,,,2016-01-09
2017-03-01,The Hobbit: The Battle of the Five Armies,2014,https://boxd.it/eWhYJ,4,,,2016-01-18
2017-03-01,Sisters,2015,https://boxd.it/eWhYz,3.5,,,2016-01-22
2017-03-01,Room,2015,https://boxd.it/eWhYf,4.5,,,2016-01-23
2017-03-01,Spectre,2015,https://boxd.it/eWhYp,3.5,,,2016-01-23
2017-03-01,Monty Python and the Holy Grail,1975,https://boxd.it/eWhY5,4,,,2016-02-07
2017-03-01,Deadpool,2016,https://boxd.it/eWhXV,4.5,,,2016-02-12
2017-03-01,Carol,2015,https://boxd.it/eWhXL,4,,,2016-02-24
2017-03-01,Brooklyn,2015,https://boxd.it/eWhXr,4,,,2016-02-28
2017-03-01,The Good Dinosaur,2015,https://boxd.it/eWhXB,4.5,,,2016-02-28
2017-03-01,Zootopia,2016,https://boxd.it/eWhXh,4,,,2016-03-06
2017-03-01,Bridge of Spies,2015,https://boxd.it/eWhX7,4,,,2016-03-26
2017-03-01,Cloverfield,2008,https://boxd.it/eWhWX,4,,,2016-04-01
2017-03-01,Fantastic Four,2015,https://boxd.it/eWhWD,1.5,,,2016-04-02
2017-03-01,Hannibal Rising,2007,https://boxd.it/eWhWN,1.5,,,2016-04-02
2017-03-01,Captain America: Civil War,2016,https://boxd.it/eWhWt,5,,,2016-04-15
2017-03-01,Batman v Superman: Dawn of Justice,2016,https://boxd.it/eWhW9,2.5,,,2016-04-16
2017-03-01,10 Cloverfield Lane,2016,https://boxd.it/eWhWj,4.5,,,2016-04-16
2017-03-01,The Jungle Book,2016,https://boxd.it/eWhVZ,4,,,2016-04-17
2017-03-01,The Shawshank Redemption,1994,https://boxd.it/eWhT5,4.5,,,2016-05-02
2017-03-01,Alien,1979,https://boxd.it/eWhTf,4.5,,,2016-05-02
2017-03-01,Forrest Gump,1994,https://boxd.it/eWhTp,4.5,,,2016-05-02
2017-03-01,Pirates of the Caribbean: The Curse of the Black Pearl,2003,https://boxd.it/eWhTz,4,,,2016-05-02
2017-03-01,The Lion King,1994,https://boxd.it/eWhTJ,4.5,,,2016-05-02
2017-03-01,The Help,2011,https://boxd.it/eWhTT,4,,,2016-05-02
2017-03-01,Pirates of the Caribbean: On Stranger Tides,2011,https://boxd.it/eWhU3,2.5,,,2016-05-02
2017-03-01,Blade Runner,1982,https://boxd.it/eWhUd,4,,,2016-05-02
2017-03-01,Gladiator,2000,https://boxd.it/eWhUn,4,,,2016-05-02
2017-03-01,Pirates of the Caribbean: At World's End,2007,https://boxd.it/eWhUx,3,,,2016-05-02
2017-03-01,Jurassic Park,1993,https://boxd.it/eWhUH,4,,,2016-05-02
2017-03-01,Pirates of the Caribbean: Dead Man's Chest,2006,https://boxd.it/eWhUR,3.5,,,2016-05-02
2017-03-01,Aliens,1986,https://boxd.it/eWhV1,4,,,2016-05-02
2017-03-01,Keanu,2016,https://boxd.it/eWhVb,4,,,2016-05-02
2017-03-01,Zodiac,2007,https://boxd.it/eWhVl,4.5,,,2016-05-02
2017-03-01,Begin Again,2013,https://boxd.it/eWhVv,4,,,2016-05-02
2017-03-01,Up,2009,https://boxd.it/eWhVF,4.5,,,2016-05-02
2017-03-01,WALL·E,2008,https://boxd.it/eWhVP,4,,,2016-05-02
2017-03-01,Eternal Sunshine of the Spotless Mind,2004,https://boxd.it/eWhSV,4.5,,,2016-05-04
2017-03-01,The Diary of a Teenage Girl,2015,https://boxd.it/eWhSL,4,,,2016-05-08
2017-03-01,The Nice Guys,2016,https://boxd.it/eWhSB,4.5,,,2016-05-22
2017-03-01,Triple 9,2016,https://boxd.it/eWhSr,3.5,,,2016-05-27
2017-03-01,X-Men: Apocalypse,2016,https://boxd.it/eWhSh,3.5,,,2016-05-28
2017-03-01,The Usual Suspects,1995,https://boxd.it/eWhS7,4.5,,,2016-05-29
2017-03-01,Batman: Bad Blood,2016,https://boxd.it/eWhRt,3.5,,,2016-06-08
2017-03-01,Jurassic World,2015,https://boxd.it/eWhRD,3.5,,,2016-06-08
2017-03-01,Hellboy,2004,https://boxd.it/eWhRN,3.5,,,2016-06-08
2017-03-01,Justice League vs. Teen Titans,2016,https://boxd.it/eWhRX,4,,,2016-06-08
2017-03-01,The Night Manager,2016,https://boxd.it/eWhRj,4,,,2016-06-10
2017-03-01,Thor: The Dark World,2013,https://boxd.it/eWhR9,3.5,,,2016-06-11
2017-03-01,Neighbors 2: Sorority Rising,2016,https://boxd.it/eWhQP,3.5,,,2016-06-12
2017-03-01,Teenage Mutant Ninja Turtles: Out of the Shadows,2016,https://boxd.it/eWhQZ,3,,,2016-06-12
2017-03-01,Finding Dory,2016,https://boxd.it/eWhQF,4.5,,,2016-06-18
2017-03-01,American Beauty,1999,https://boxd.it/eWhQl,4,,,2016-06-20
2017-03-01,American Hustle,2013,https://boxd.it/eWhQv,3.5,,,2016-06-20
2017-03-01,Poltergeist,2015,https://boxd.it/eWhPH,2.5,,,2016-06-21
2017-03-01,Furious 7,2015,https://boxd.it/eWhPR,3,,,2016-06-21
2017-03-01,Chappie,2015,https://boxd.it/eWhQ1,2.5,,,2016-06-21
2017-03-01,The Wedding Ringer,2015,https://boxd.it/eWhQb,1.5,,,2016-06-21
2017-03-01,Central Intelligence,2016,https://boxd.it/eWhPd,3.5,,,2016-06-24
2017-03-01,Ferris Bueller's Day Off,1986,https://boxd.it/eWhPn,4.5,,,2016-06-24
2017-03-01,The Truman Show,1998,https://boxd.it/eWhPx,4,,,2016-06-24
2017-03-01,The Conjuring 2,2016,https://boxd.it/eWhP3,4,,,2016-06-25
2017-03-01,The Fundamentals of Caring,2016,https://boxd.it/eWhOT,4,,,2016-06-26
2017-03-01,Swiss Army Man,2016,https://boxd.it/eWhOJ,4,,,2016-07-03
2017-03-01,Midnight Special,2016,https://boxd.it/eWhOz,4,,,2016-07-08
2017-03-01,Wreck-It Ralph,2012,https://boxd.it/eWhOp,4.5,,,2016-07-09
2017-03-01,Ghostbusters,1984,https://boxd.it/eWhOf,4,,,2016-07-16
2017-03-01,Ghostbusters,2016,https://boxd.it/eWhO5,2,,,2016-07-17
2017-03-01,Sing Street,2016,https://boxd.it/eWhNV,4,,,2016-07-23
2017-03-01,Batman: The Killing Joke,2016,https://boxd.it/eWhNL,4,,,2016-07-24
2017-03-01,Star Trek Beyond,2016,https://boxd.it/eWhNB,4,,,2016-07-25
2017-03-01,Suicide Squad,2016,https://boxd.it/eWhNr,3,,,2016-08-07
2017-03-01,Guardians of the Galaxy,2014,https://boxd.it/eWhMX,4.5,,,2016-08-18
2017-03-01,Jason Bourne,2016,https://boxd.it/eWhN7,3.5,,,2016-08-18
2017-03-01,The Lord of the Rings: The Return of the King,2003,https://boxd.it/eWhNh,4.5,,,2016-08-18
2017-03-01,Sausage Party,2016,https://boxd.it/eWhMj,3.5,,,2016-09-03
2017-03-01,No Country for Old Men,2007,https://boxd.it/eWhMt,4,,,2016-09-03
2017-03-01,Se7en,1995,https://boxd.it/eWhMD,4.5,,,2016-09-03
2017-03-01,Popstar: Never Stop Never Stopping,2016,https://boxd.it/eWhMN,3.5,,,2016-09-03
2017-03-01,The Social Network,2010,https://boxd.it/eWhM9,4.5,,,2016-09-20
2017-03-01,The Accountant,2016,https://boxd.it/eWhLZ,4,,,2016-10-25
2017-03-01,Arrival,2016,https://boxd.it/eWhLP,4.5,,,2016-11-13
2017-03-01,The Magnificent Seven,2016,https://boxd.it/eWhLl,3.5,,,2016-11-16
2017-03-01,The Girl with the Dragon Tattoo,2011,https://boxd.it/eWhLv,4.5,,,2016-11-16
2017-03-01,Before the Flood,2016,https://boxd.it/eWhLF,4.5,,,2016-11-16
2017-03-01,"Planes, Trains and Automobiles",1987,https://boxd.it/eWhKR,4,,,2016-11-26
2017-03-01,Doctor Strange,2016,https://boxd.it/eWhL1,4,,,2016-11-26
2017-03-01,War Dogs,2016,https://boxd.it/eWhLb,3.5,,,2016-11-26
2017-03-01,"I Love You, Man",2009,https://boxd.it/eWhKH,4,,,2016-11-27
2017-03-01,Moana,2016,https://boxd.it/eWhKn,4,,,2016-11-28
2017-03-01,Hell or High Water,2016,https://boxd.it/eWhKx,4.5,,,2016-11-28
2017-03-01,Westworld,1973,https://boxd.it/eWhKd,4.5,,,2016-12-06
2017-03-01,Rogue One: A Star Wars Story,2016,https://boxd.it/eWhK3,4.5,,,2016-12-16
2017-03-01,Trainspotting,1996,https://boxd.it/eWhJT,4,,,2016-12-18
2017-03-01,Manchester by the Sea,2016,https://boxd.it/eWhJJ,4.5,,,2016-12-20
2017-03-01,Moonlight,2016,https://boxd.it/eWhJp,4,,,2016-12-21
2017-03-01,Short Term 12,2013,https://boxd.it/eWhJz,4.5,,,2016-12-21
2017-03-01,Memento,2000,https://boxd.it/eWhJf,4.5,,,2016-12-22
2017-03-01,Other People,2016,https://boxd.it/eWhIV,4,,,2016-12-23
2017-03-01,Grosse Pointe Blank,1997,https://boxd.it/eWhJ5,3.5,,,2016-12-23
2017-03-01,Lucky Number Slevin,2006,https://boxd.it/eWhIL,4,,,2016-12-28
2017-03-01,Beasts of No Nation,2015,https://boxd.it/eWhIB,4.5,,,2016-12-29
2017-03-01,Kubo and the Two Strings,2016,https://boxd.it/eWhIr,4.5,,,2016-12-30
2017-03-01,La La Land,2016,https://boxd.it/eWhIh,5,,,2017-01-02
2017-03-01,Sing,2016,https://boxd.it/eWhHX,2.5,,,2017-01-03
2017-03-01,Fantastic Beasts and Where to Find Them,2016,https://boxd.it/eWhI7,3.5,,,2017-01-03
2017-03-01,Nocturnal Animals,2016,https://boxd.it/eWhHN,4.5,,,2017-01-04
2017-03-01,Hunt for the Wilderpeople,2016,https://boxd.it/eWhHD,4.5,,,2017-01-05
2017-03-01,Snowden,2016,https://boxd.it/eWhH9,4,,,2017-01-06
2017-03-01,The Lobster,2015,https://boxd.it/eWhHj,4,,,2017-01-06
2017-03-01,Green Room,2015,https://boxd.it/eWhHt,4.5,,,2017-01-06
2017-03-01,Citizenfour,2014,https://boxd.it/eWhGZ,4.5,,,2017-01-07
2017-03-01,John Wick: Chapter 2,2017,https://boxd.it/eWhGF,4,,,2017-02-12
2017-03-01,Paterson,2016,https://boxd.it/eWhGP,4,,,2017-02-12
2017-03-01,20th Century Women,2016,https://boxd.it/eWhGv,4,,,2017-02-13
2017-03-03,Logan,2017,https://boxd.it/f2E7b,4.5,,,2017-03-02
2023-07-25,Inception,2010,https://boxd.it/4A6y3h,4.5,Yes,,2023-07-24
2023-08-12,Lady Bird,2017,https://boxd.it/4Gd9Vr,4,Yes,,2023-08-10
